Row,Wagon,Step No,Command,Value,TravelTime,AccumulatedTime,LoadID,WaitTime,CollisionFlag
1,Wagon 1,1,GET FROM,1,12.00,12.00,L0,0.00,NORMAL
1,Wagon 1,2,PUT ON,2,211.61,43.61,L0,0.00,NORMAL
1,Wagon 1,3,GET FROM,2,12.00,235.61,L0,0.00,NORMAL
1,Wagon 1,4,PUT ON,3,204.20,259.81,L0,0.00,NORMAL
1,Wagon 1,5,GET FROM,3,12.00,451.81,L0,0.00,NORMAL
1,Wagon 1,6,PUT ON,4,91.61,483.42,L0,0.00,NORMAL
1,Wagon 1,7,GET FROM,4,12.00,555.42,L0,0.00,NORMAL
1,Wagon 1,8,PUT ON,5,44.20,579.63,L0,0.00,NORMAL
1,Wagon 1,9,GET FROM,5,12.00,611.63,L0,0.00,NORMAL
1,Wagon 1,10,PUT ON,6,89.19,655.82,L0,0.00,NORMAL
1,Wagon 1,11,GET FROM,6,12.00,712.82,L0,0.00,NORMAL
1,Wagon 1,12,PUT ON,7,112.72,735.54,L0,0.00,NORMAL
1,Wagon 1,13,GET FROM,7,12.00,747.54,L0,0.00,NORMAL
1,Wagon 1,14,GET FROM,7,12.00,759.54,HOME,0.00,RETURN
1,Wagon 1,15,PUT ON,1,39.75,799.29,HOME,0.00,RETURN
